Series,Transform,ADF_stat,p_value,Stationary
KRBN,Level,-2.5202475471378656,0.11062527800574379,No
KRBN,Returns,-16.384715665470285,2.7301044227062944e-29,Yes
ICLN,Level,-1.929903595911224,0.31812688560308044,No
ICLN,Returns,-13.475120825755598,3.3237108991491525e-25,Yes
XLE,Level,-1.7368755037968935,0.41222019826633066,No
XLE,Returns,-22.414819707928256,0.0,Yes
